split,feature,kind,windows,rows,windows_with_different_stored_values,varying_windows_in_correlations,varying_window_fraction,minimum_stored_value,maximum_stored_value,unknown_rows,missing_category_rows
train,history,categorical,152790,2291850,722,722,0.0047254401466064536,0.0,6.0,0,0
train,id.resp_h,categorical,152790,2291850,731,731,0.00478434452516526,0.0,22.0,0,0
train,id.resp_p,numeric,152790,2291850,722,722,0.0047254401466064536,21.0,63743.0,,
train,id.orig_h,categorical,152790,2291850,709,709,0.004640356044243733,0.0,1.0,0,0
train,id.orig_p,numeric,152790,2291850,152780,152780,0.9999345506904902,0.0,65535.0,,
train,conn_state,categorical,152790,2291850,13,13,8.508410236272007e-05,0.0,4.0,0,0
train,proto,categorical,152790,2291850,3,3,1.96347928529354e-05,0.0,1.0,0,0
train,orig_ip_bytes,numeric,152790,2291850,15,15,9.817396426467701e-05,0.0,1914793266.0,,
train,orig_pkts,numeric,152790,2291850,14,14,9.162903331369855e-05,0.0,66027354.0,,
train,ts,numeric,152790,2291850,152790,152790,1.0,1568940987.348758,1569025923.773211,,
train,uid,categorical,152790,2291850,152790,152790,1.0,0.0,2291849.0,0,0
train,resp_ip_bytes,numeric,152790,2291850,15,15,9.817396426467701e-05,0.0,1064.0,,
train,resp_bytes,numeric,152790,2291850,15,15,9.817396426467701e-05,0.0,672.0,,
train,duration,numeric,152790,2291850,24,24,0.0001570783428234832,2e-06,6000.123639,,
train,orig_bytes,numeric,152790,2291850,14,14,9.162903331369855e-05,0.0,212301700.0,,
validation,history,categorical,38198,572970,157,157,0.004110162835750563,-1.0,6.0,1,0
validation,id.resp_h,categorical,38198,572970,161,161,0.0042148803602282845,0.0,21.0,0,0
validation,id.resp_p,numeric,38198,572970,157,157,0.004110162835750563,21.0,62336.0,,
validation,id.orig_h,categorical,38198,572970,153,153,0.0040054453112728415,-1.0,1.0,1,0
validation,id.orig_p,numeric,38198,572970,38194,38194,0.9998952824755223,0.0,65535.0,,
validation,conn_state,categorical,38198,572970,5,5,0.00013089690559715169,0.0,4.0,0,0
validation,proto,categorical,38198,572970,4,4,0.00010471752447772135,0.0,1.0,0,0
validation,orig_ip_bytes,numeric,38198,572970,5,5,0.00013089690559715169,0.0,295676402.0,,
validation,orig_pkts,numeric,38198,572970,5,5,0.00013089690559715169,0.0,10195738.0,,
validation,ts,numeric,38198,572970,38198,38198,1.0,1568940041.665907,1569019274.775031,,
validation,uid,categorical,38198,572970,0,0,0.0,-1.0,-1.0,572970,0
validation,resp_ip_bytes,numeric,38198,572970,5,5,0.00013089690559715169,0.0,36368.0,,
validation,resp_bytes,numeric,38198,572970,5,5,0.00013089690559715169,0.0,11216.0,,
validation,duration,numeric,38198,572970,9,9,0.00023561443007487302,2e-06,1083.162927,,
validation,orig_bytes,numeric,38198,572970,3,3,7.8538143358291e-05,96.0,10195738.0,,
